accuracy,roc_auc,recall_used,precision_used
0.865,0.946517828511219,0.9233783195472355,0.8095419847328245
